<?xml version="1.0" encoding="UTF-8"?>
<project-private xmlns="http://www.netbeans.org/ns/project-private/1">
    <editor-bookmarks xmlns="http://www.netbeans.org/ns/editor-bookmarks/2" lastBookmarkId="0"/>
    <open-files xmlns="http://www.netbeans.org/ns/projectui-open-files/2">
        <group>
            <file>file:/Users/tommynmanoppo/NetBeansProjects/GetEat!/src/java/Controller/TenantDAO.java</file>
            <file>file:/Users/tommynmanoppo/NetBeansProjects/GetEat!/src/java/Controller/DbConnection.java</file>
            <file>file:/Users/tommynmanoppo/NetBeansProjects/GetEat!/web/WEB-INF/web.xml</file>
            <file>file:/Users/tommynmanoppo/NetBeansProjects/GetEat!/web/css/styleSearch.css</file>
            <file>file:/Users/tommynmanoppo/NetBeansProjects/GetEat!/src/java/Model/Member.java</file>
            <file>file:/Users/tommynmanoppo/NetBeansProjects/GetEat!/src/java/Model/Eaters.java</file>
            <file>file:/Users/tommynmanoppo/NetBeansProjects/GetEat!/web/css/bootstrap.css</file>
            <file>file:/Users/tommynmanoppo/NetBeansProjects/GetEat!/web/css/styleProfile.css</file>
            <file>file:/Users/tommynmanoppo/NetBeansProjects/GetEat!/web/css/style.css</file>
            <file>file:/Users/tommynmanoppo/NetBeansProjects/GetEat!/web/css/clndr.css</file>
            <file>file:/Users/tommynmanoppo/NetBeansProjects/GetEat!/src/java/Controller/EatersDAO.java</file>
            <file>file:/Users/tommynmanoppo/NetBeansProjects/GetEat!/web/css/bootstrapSearch.css</file>
            <file>file:/Users/tommynmanoppo/NetBeansProjects/GetEat!/src/java/Model/Review.java</file>
            <file>file:/Users/tommynmanoppo/NetBeansProjects/GetEat!/web/Halaman_Home_Tenant.jsp</file>
            <file>file:/Users/tommynmanoppo/NetBeansProjects/GetEat!/web/index.jsp</file>
            <file>file:/Users/tommynmanoppo/NetBeansProjects/GetEat!/src/java/Model/Tenant.java</file>
            <file>file:/Users/tommynmanoppo/NetBeansProjects/GetEat!/web/Halaman_Profil_Tenant.jsp</file>
        </group>
    </open-files>
</project-private>
